{
  "baud": "115200",
  "board_type": "Raspberry Pico",
  "com_port": "/dev/ttyUSB0",
  "dns": "8.8.8.8",
  "gateway": "192.168.1.1",
  "ip": "192.168.1.195",
  "last_modified": 1761619219.341583,
  "last_update": 1761616004.353761,
  "mac": "0xDE, 0xAD, 0xBE, 0xEF, 0xDE, 0xAD",
  "mb_serial": false,
  "mb_tcp": false,
  "pwd": "password",
  "serial_iface": "Serial",
  "slaveid": "1",
  "ssid": "",
  "subnet": "255.255.255.0",
  "tcp_iface": "WiFi",
  "txpin": "-1",
  "user_ain": "26, 27, 28",
  "user_aout": "4,5",
  "user_din": "6, 7, 8, 9, 10, 11, 12, 13",
  "user_dout": "14, 15, 16, 17, 18, 19, 20, 21"
}