<?xml version='1.0' encoding='utf-8'?>
<project xmlns="http://www.plcopen.org/xml/tc6_0201" xmlns:xsd="http://www.w3.org/2001/XMLSchema" xmlns:xhtml="http://www.w3.org/1999/xhtml" xmlns:ns1="http://www.plcopen.org/xml/tc6_0201">
  <fileHeader companyName="Desconocido" productName="Sin nombre" productVersion="1" creationDateTime="2025-10-27T07:18:51"/>
  <contentHeader name="Sin nombre" modificationDateTime="2025-10-27T23:43:52">
    <coordinateInfo>
      <fbd>
        <scaling x="10" y="10"/>
      </fbd>
      <ld>
        <scaling x="10" y="10"/>
      </ld>
      <sfc>
        <scaling x="10" y="10"/>
      </sfc>
    </coordinateInfo>
  </contentHeader>
  <types>
    <dataTypes/>
    <pous>
      <pou name="program0" pouType="program">
        <interface>
          <localVars>
            <variable name="Potenciometro" address="%IW0">
              <type>
                <UINT/>
              </type>
              <documentation>
                <xhtml:p><![CDATA[Entrada Analógica (GP26)]]></xhtml:p>
              </documentation>
            </variable>
            <variable name="LED_BAJO" address="%QX0.2">
              <type>
                <BOOL/>
              </type>
              <documentation>
                <xhtml:p><![CDATA[Salida Digital (GP17)]]></xhtml:p>
              </documentation>
            </variable>
            <variable name="LED_MEDIO" address="%QX0.3">
              <type>
                <BOOL/>
              </type>
              <documentation>
                <xhtml:p><![CDATA[Salida Digital (GP18)]]></xhtml:p>
              </documentation>
            </variable>
            <variable name="LED_ALTO" address="%QX0.4">
              <type>
                <BOOL/>
              </type>
              <documentation>
                <xhtml:p><![CDATA[Salida Digital (GP19)]]></xhtml:p>
              </documentation>
            </variable>
          </localVars>
        </interface>
        <body>
          <LD>
            <block localId="4" typeName="LE" width="70" height="60">
              <position x="510" y="20"/>
              <inputVariables>
                <variable formalParameter="IN1">
                  <connectionPointIn>
                    <relPosition x="0" y="30"/>
                    <connection refLocalId="16">
                      <position x="510" y="50"/>
                      <position x="300" y="50"/>
                      <position x="300" y="180"/>
                      <position x="260" y="180"/>
                    </connection>
                  </connectionPointIn>
                </variable>
                <variable formalParameter="IN2">
                  <connectionPointIn>
                    <relPosition x="0" y="50"/>
                    <connection refLocalId="5">
                      <position x="510" y="70"/>
                      <position x="480" y="70"/>
                      <position x="480" y="80"/>
                      <position x="470" y="80"/>
                    </connection>
                  </connectionPointIn>
                </variable>
              </inputVariables>
              <inOutVariables/>
              <outputVariables>
                <variable formalParameter="OUT">
                  <connectionPointOut>
                    <relPosition x="70" y="30"/>
                  </connectionPointOut>
                </variable>
              </outputVariables>
            </block>
            <inVariable localId="5" width="50" height="30" negated="false">
              <position x="420" y="60"/>
              <connectionPointOut>
                <relPosition x="50" y="20"/>
              </connectionPointOut>
              <expression>21845</expression>
            </inVariable>
            <block localId="6" typeName="GT" width="70" height="60">
              <position x="440" y="120"/>
              <inputVariables>
                <variable formalParameter="IN1">
                  <connectionPointIn>
                    <relPosition x="0" y="30"/>
                    <connection refLocalId="16">
                      <position x="440" y="150"/>
                      <position x="340" y="150"/>
                      <position x="340" y="180"/>
                      <position x="260" y="180"/>
                    </connection>
                  </connectionPointIn>
                </variable>
                <variable formalParameter="IN2">
                  <connectionPointIn>
                    <relPosition x="0" y="50"/>
                    <connection refLocalId="7">
                      <position x="440" y="170"/>
                      <position x="430" y="170"/>
                      <position x="430" y="180"/>
                      <position x="420" y="180"/>
                    </connection>
                  </connectionPointIn>
                </variable>
              </inputVariables>
              <inOutVariables/>
              <outputVariables>
                <variable formalParameter="OUT">
                  <connectionPointOut>
                    <relPosition x="70" y="30"/>
                  </connectionPointOut>
                </variable>
              </outputVariables>
            </block>
            <inVariable localId="7" width="50" height="30" negated="false">
              <position x="370" y="170"/>
              <connectionPointOut>
                <relPosition x="50" y="10"/>
              </connectionPointOut>
              <expression>21845</expression>
            </inVariable>
            <block localId="9" typeName="GT" width="70" height="60">
              <position x="530" y="280"/>
              <inputVariables>
                <variable formalParameter="IN1">
                  <connectionPointIn>
                    <relPosition x="0" y="30"/>
                    <connection refLocalId="16">
                      <position x="530" y="310"/>
                      <position x="300" y="310"/>
                      <position x="300" y="180"/>
                      <position x="260" y="180"/>
                    </connection>
                  </connectionPointIn>
                </variable>
                <variable formalParameter="IN2">
                  <connectionPointIn>
                    <relPosition x="0" y="50"/>
                    <connection refLocalId="10">
                      <position x="530" y="330"/>
                      <position x="485" y="330"/>
                      <position x="485" y="340"/>
                      <position x="470" y="340"/>
                    </connection>
                  </connectionPointIn>
                </variable>
              </inputVariables>
              <inOutVariables/>
              <outputVariables>
                <variable formalParameter="OUT">
                  <connectionPointOut>
                    <relPosition x="70" y="30"/>
                  </connectionPointOut>
                </variable>
              </outputVariables>
            </block>
            <inVariable localId="10" width="50" height="30" negated="false">
              <position x="420" y="320"/>
              <connectionPointOut>
                <relPosition x="50" y="10"/>
              </connectionPointOut>
              <expression>43690</expression>
            </inVariable>
            <block localId="2" typeName="LE" width="70" height="60" executionOrderId="0">
              <position x="440" y="200"/>
              <inputVariables>
                <variable formalParameter="IN1">
                  <connectionPointIn>
                    <relPosition x="0" y="30"/>
                    <connection refLocalId="16">
                      <position x="440" y="230"/>
                      <position x="340" y="230"/>
                      <position x="340" y="180"/>
                      <position x="260" y="180"/>
                    </connection>
                  </connectionPointIn>
                </variable>
                <variable formalParameter="IN2">
                  <connectionPointIn>
                    <relPosition x="0" y="50"/>
                    <connection refLocalId="11">
                      <position x="440" y="250"/>
                      <position x="430" y="250"/>
                      <position x="430" y="260"/>
                      <position x="420" y="260"/>
                    </connection>
                  </connectionPointIn>
                </variable>
              </inputVariables>
              <inOutVariables/>
              <outputVariables>
                <variable formalParameter="OUT">
                  <connectionPointOut>
                    <relPosition x="70" y="30"/>
                  </connectionPointOut>
                </variable>
              </outputVariables>
            </block>
            <inVariable localId="11" width="50" height="30" negated="false" executionOrderId="0">
              <position x="370" y="250"/>
              <connectionPointOut>
                <relPosition x="50" y="10"/>
              </connectionPointOut>
              <expression>43690</expression>
            </inVariable>
            <block localId="12" typeName="AND" width="70" height="60">
              <position x="550" y="150"/>
              <inputVariables>
                <variable formalParameter="IN1">
                  <connectionPointIn>
                    <relPosition x="0" y="30"/>
                    <connection refLocalId="6" formalParameter="OUT">
                      <position x="550" y="180"/>
                      <position x="530" y="180"/>
                      <position x="530" y="150"/>
                      <position x="510" y="150"/>
                    </connection>
                  </connectionPointIn>
                </variable>
                <variable formalParameter="IN2">
                  <connectionPointIn>
                    <relPosition x="0" y="50"/>
                    <connection refLocalId="2" formalParameter="OUT">
                      <position x="550" y="200"/>
                      <position x="530" y="200"/>
                      <position x="530" y="230"/>
                      <position x="510" y="230"/>
                    </connection>
                  </connectionPointIn>
                </variable>
              </inputVariables>
              <inOutVariables/>
              <outputVariables>
                <variable formalParameter="OUT">
                  <connectionPointOut>
                    <relPosition x="70" y="30"/>
                  </connectionPointOut>
                </variable>
              </outputVariables>
            </block>
            <inVariable localId="16" width="120" height="30" negated="false">
              <position x="140" y="170"/>
              <connectionPointOut>
                <relPosition x="120" y="10"/>
              </connectionPointOut>
              <expression>Potenciometro</expression>
            </inVariable>
            <coil localId="17" negated="false" width="21" height="20">
              <position x="650" y="50"/>
              <connectionPointIn>
                <relPosition x="0" y="10"/>
                <connection refLocalId="4" formalParameter="OUT">
                  <position x="650" y="60"/>
                  <position x="615" y="60"/>
                  <position x="615" y="50"/>
                  <position x="580" y="50"/>
                </connection>
              </connectionPointIn>
              <connectionPointOut>
                <relPosition x="21" y="10"/>
              </connectionPointOut>
              <variable>LED_BAJO</variable>
            </coil>
            <coil localId="18" negated="false" width="21" height="20">
              <position x="680" y="180"/>
              <connectionPointIn>
                <relPosition x="0" y="10"/>
                <connection refLocalId="12" formalParameter="OUT">
                  <position x="680" y="190"/>
                  <position x="650" y="190"/>
                  <position x="650" y="180"/>
                  <position x="620" y="180"/>
                </connection>
              </connectionPointIn>
              <connectionPointOut>
                <relPosition x="21" y="10"/>
              </connectionPointOut>
              <variable>LED_MEDIO</variable>
            </coil>
            <coil localId="19" negated="false" width="21" height="20">
              <position x="650" y="300"/>
              <connectionPointIn>
                <relPosition x="0" y="10"/>
                <connection refLocalId="9" formalParameter="OUT">
                  <position x="650" y="310"/>
                  <position x="600" y="310"/>
                </connection>
              </connectionPointIn>
              <connectionPointOut>
                <relPosition x="21" y="10"/>
              </connectionPointOut>
              <variable>LED_ALTO</variable>
            </coil>
          </LD>
        </body>
      </pou>
    </pous>
  </types>
  <instances>
    <configurations>
      <configuration name="Config0">
        <resource name="Res0">
          <task name="task0" priority="0" interval="T#20ms">
            <pouInstance name="instance0" typeName="program0"/>
          </task>
        </resource>
      </configuration>
    </configurations>
  </instances>
</project>
